               epoch,      train/box_loss,      train/obj_loss,      train/cls_loss,   metrics/precision,      metrics/recall,     metrics/mAP_0.5,metrics/mAP_0.5:0.95,        val/box_loss,        val/obj_loss,        val/cls_loss,               x/lr0,               x/lr1,               x/lr2
                   0,             0.12088,            0.078582,            0.047807,           0.0026627,            0.032047,           0.0009762,          0.00022955,             0.12286,            0.063323,            0.047768,              0.0002,              0.0002,              0.0982
                   1,             0.11889,            0.078615,            0.047317,           0.0034882,            0.032047,           0.0012508,          0.00032194,             0.11895,            0.066392,            0.046798,          0.00049835,          0.00049835,            0.095498
                   2,             0.11407,            0.082598,            0.046239,           0.0032464,            0.073363,           0.0016591,          0.00047499,             0.11156,            0.072458,            0.045025,          0.00079472,          0.00079472,            0.092795
                   3,             0.10778,            0.090204,            0.044667,           0.0052808,            0.046316,           0.0026103,          0.00071605,             0.10047,            0.081564,            0.043076,           0.0010891,           0.0010891,            0.090089
                   4,             0.10061,            0.091783,            0.042494,           0.0090735,             0.10652,           0.0049898,          0.00090771,            0.090422,            0.090603,            0.041128,           0.0013815,           0.0013815,            0.087382
                   5,            0.097529,             0.11127,             0.04131,            0.024134,             0.11725,            0.013514,           0.0022941,            0.084147,            0.096241,            0.038567,            0.001672,            0.001672,            0.084672
                   6,            0.094206,             0.10284,            0.039017,            0.015614,             0.20372,            0.011836,           0.0023982,             0.08212,             0.09611,            0.036111,           0.0019604,           0.0019604,             0.08196
                   7,            0.090382,            0.098856,            0.037391,            0.030985,              0.1252,            0.014546,           0.0025433,            0.080872,            0.095794,             0.03333,           0.0022469,           0.0022469,            0.079247
                   8,            0.088152,             0.10612,            0.035379,            0.029179,             0.32496,            0.024001,           0.0042284,             0.08158,             0.09825,            0.031991,           0.0025314,           0.0025314,            0.076531
                   9,            0.086845,             0.10965,            0.033944,            0.023302,             0.36034,            0.023994,           0.0058892,            0.081005,             0.10702,            0.030958,           0.0028139,           0.0028139,            0.073814
                  10,            0.084305,             0.11446,            0.032358,            0.069875,             0.29241,            0.030415,           0.0068427,             0.08071,             0.11415,            0.029765,           0.0030944,           0.0030944,            0.071094
                  11,              0.0815,             0.10769,             0.03067,               0.112,             0.36491,            0.071954,            0.016443,            0.074718,             0.11069,            0.028807,           0.0033729,           0.0033729,            0.068373
                  12,            0.079058,             0.10142,            0.029577,            0.098999,             0.37665,             0.10563,            0.019479,            0.071768,            0.099746,            0.026554,           0.0036495,           0.0036495,             0.06565
                  13,            0.077766,              0.1115,            0.028282,             0.12516,             0.36888,             0.13773,            0.032305,            0.070165,            0.097419,            0.023691,           0.0039241,           0.0039241,            0.062924
                  14,             0.07593,             0.10341,            0.025625,             0.17087,             0.35918,             0.12044,            0.024133,            0.073168,             0.10091,             0.02109,           0.0041967,           0.0041967,            0.060197
                  15,            0.077999,            0.092821,            0.022637,              0.1364,             0.59148,             0.17239,            0.035515,            0.069064,            0.090943,            0.016555,           0.0044673,           0.0044673,            0.057467
                  16,            0.073441,             0.11268,            0.020978,             0.18189,             0.51554,             0.23062,            0.038851,            0.068716,            0.098865,            0.015034,            0.004736,            0.004736,            0.054736
                  17,            0.074578,             0.11124,            0.019344,             0.12548,             0.26744,             0.10769,            0.022506,             0.08486,            0.096322,            0.013096,           0.0050027,           0.0050027,            0.052003
                  18,            0.088012,            0.089766,            0.017464,             0.14412,             0.30197,             0.11717,            0.023655,            0.089329,            0.070769,             0.01215,           0.0052674,           0.0052674,            0.049267
                  19,            0.088973,            0.084371,            0.016654,            0.069528,             0.32932,            0.074531,             0.01303,            0.089464,            0.068718,             0.01159,           0.0055301,           0.0055301,             0.04653
                  20,            0.092364,            0.083821,            0.014636,            0.096277,             0.48994,            0.089939,            0.017366,            0.085701,            0.072607,            0.010363,           0.0057908,           0.0057908,            0.043791
                  21,            0.090829,            0.087881,            0.013688,             0.11625,             0.52004,             0.14217,            0.031347,            0.079855,            0.081973,           0.0087513,           0.0060495,           0.0060495,             0.04105
                  22,            0.084588,            0.079527,            0.012217,             0.06456,             0.51277,            0.083522,            0.017386,            0.084733,            0.076853,           0.0070812,           0.0063063,           0.0063063,            0.038306
                  23,            0.084173,            0.089888,            0.011082,            0.078577,             0.38215,            0.079901,            0.014151,            0.086001,            0.087191,            0.005525,           0.0065611,           0.0065611,            0.035561
                  24,            0.089583,            0.083459,           0.0088119,             0.37602,             0.20094,             0.21082,             0.06941,            0.085712,            0.080369,           0.0052616,           0.0068139,           0.0068139,            0.032814
                  25,            0.084821,            0.089637,           0.0088471,             0.59321,             0.13636,             0.10835,            0.019654,            0.095651,            0.093315,            0.004221,           0.0070648,           0.0070648,            0.030065
                  26,            0.093523,            0.079484,           0.0076885,              0.1025,             0.44198,             0.15137,            0.026089,            0.091084,            0.066598,           0.0040509,           0.0073136,           0.0073136,            0.027314
                  27,            0.092987,            0.076027,            0.007567,             0.24655,             0.17969,             0.18908,            0.044198,            0.087261,            0.071417,           0.0034517,           0.0075605,           0.0075605,             0.02456
                  28,            0.088667,            0.074894,           0.0071351,             0.25316,             0.59475,             0.32986,            0.073316,            0.082805,            0.077179,            0.002996,           0.0078054,           0.0078054,            0.021805
                  29,             0.08304,            0.091008,           0.0066244,             0.20196,             0.66825,             0.33319,            0.092001,            0.079407,            0.098222,             0.00257,           0.0080483,           0.0080483,            0.019048
                  30,            0.083021,            0.083505,             0.00585,             0.15726,              0.2914,             0.14058,            0.029462,            0.088998,            0.093426,           0.0024372,           0.0082892,           0.0082892,            0.016289
                  31,            0.083169,            0.075763,           0.0057261,              0.2587,             0.54814,             0.28414,            0.057897,            0.078885,            0.076122,            0.002409,           0.0085281,           0.0085281,            0.013528
                  32,            0.078778,            0.090644,           0.0054186,             0.33225,             0.51776,             0.36707,            0.089191,             0.07895,            0.085261,           0.0020959,           0.0087651,           0.0087651,            0.010765
                  33,            0.076048,            0.080924,           0.0051895,             0.26266,             0.49309,             0.27169,            0.072007,            0.077079,             0.08125,           0.0019712,            0.008911,            0.008911,            0.008911
                  34,            0.080053,            0.082668,            0.004909,             0.11304,             0.60749,             0.13475,            0.032673,            0.081879,            0.084043,           0.0017875,            0.008911,            0.008911,            0.008911
                  35,            0.081017,            0.087898,           0.0051242,             0.44562,             0.48947,             0.41497,            0.098379,            0.073904,            0.088657,           0.0016879,            0.008878,            0.008878,            0.008878
                  36,            0.074142,            0.093936,           0.0052923,             0.33646,              0.5579,             0.34257,            0.076933,            0.073342,            0.096474,           0.0015802,            0.008845,            0.008845,            0.008845
                  37,            0.070816,            0.085611,           0.0048245,             0.24246,             0.58711,             0.36281,            0.093624,            0.072243,            0.080758,           0.0020999,            0.008812,            0.008812,            0.008812
                  38,            0.072977,            0.081439,           0.0047224,             0.16637,             0.65648,             0.17044,            0.032749,            0.078923,             0.08065,           0.0018762,            0.008779,            0.008779,            0.008779
                  39,            0.073237,            0.087279,           0.0045424,             0.28651,             0.53427,             0.34767,            0.082205,            0.072965,            0.085952,           0.0018822,            0.008746,            0.008746,            0.008746
                  40,            0.071563,            0.086012,            0.004237,             0.27177,             0.58481,             0.33371,            0.081658,            0.070938,            0.086367,           0.0016336,            0.008713,            0.008713,            0.008713
                  41,            0.066588,            0.081881,           0.0044051,             0.45774,             0.55287,             0.47407,             0.12962,            0.066918,            0.090006,           0.0014739,             0.00868,             0.00868,             0.00868
                  42,               0.071,            0.089661,            0.004341,             0.35539,             0.62366,             0.46097,             0.13472,            0.068083,            0.085001,           0.0013943,            0.008647,            0.008647,            0.008647
                  43,            0.068463,            0.084916,           0.0037888,             0.40692,             0.67418,             0.44737,             0.14003,             0.06619,            0.085063,           0.0013453,            0.008614,            0.008614,            0.008614
                  44,            0.067229,             0.07996,           0.0036866,              0.6219,             0.57261,             0.61365,             0.15696,            0.064405,            0.082701,           0.0014221,            0.008581,            0.008581,            0.008581
                  45,            0.066089,            0.092592,           0.0036256,             0.51745,             0.57432,             0.55552,             0.18207,            0.062032,            0.091851,           0.0011293,            0.008548,            0.008548,            0.008548
                  46,            0.065775,            0.089987,           0.0033093,             0.29609,             0.61813,             0.41957,             0.12918,            0.066909,            0.086063,           0.0012409,            0.008515,            0.008515,            0.008515
                  47,            0.063201,             0.08627,           0.0031368,             0.41079,             0.58284,             0.52012,             0.12615,              0.0635,            0.080669,           0.0010257,            0.008482,            0.008482,            0.008482
                  48,            0.067196,            0.087238,           0.0028453,             0.29887,             0.67233,             0.32375,             0.08125,            0.066887,              0.0788,           0.0010418,            0.008449,            0.008449,            0.008449
                  49,            0.068682,            0.089968,           0.0028666,              0.4772,             0.61941,             0.57079,             0.17091,            0.062738,            0.081392,          0.00092374,            0.008416,            0.008416,            0.008416
                  50,            0.067102,            0.089169,           0.0031845,              0.6365,             0.57125,             0.61469,              0.1775,             0.06808,            0.077244,           0.0010041,            0.008383,            0.008383,            0.008383
                  51,            0.062026,            0.078515,           0.0030795,             0.51922,             0.70082,             0.64398,             0.21746,            0.059381,            0.079965,           0.0011015,             0.00835,             0.00835,             0.00835
                  52,            0.061593,            0.087551,           0.0031994,             0.60447,             0.57973,             0.60679,             0.21433,            0.061539,            0.077869,           0.0011144,            0.008317,            0.008317,            0.008317
                  53,             0.05994,            0.087305,            0.003016,             0.52329,              0.7164,             0.61734,             0.18706,            0.058547,            0.079599,           0.0010723,            0.008284,            0.008284,            0.008284
                  54,            0.059669,             0.09551,           0.0029999,             0.45674,             0.62582,             0.49884,             0.14136,            0.060218,             0.07998,           0.0011558,            0.008251,            0.008251,            0.008251
                  55,            0.058805,            0.089343,           0.0032831,             0.46191,             0.65302,             0.49071,             0.16088,            0.057641,            0.078136,            0.001234,            0.008218,            0.008218,            0.008218
                  56,            0.065113,            0.087093,           0.0031291,             0.36725,             0.51613,             0.42813,             0.12215,            0.068333,            0.075922,           0.0014789,            0.008185,            0.008185,            0.008185
                  57,            0.061185,            0.089765,           0.0032985,             0.59973,             0.68202,             0.62036,             0.22638,            0.054271,            0.081126,           0.0014531,            0.008152,            0.008152,            0.008152
                  58,            0.063103,            0.095219,           0.0028934,             0.38632,             0.58134,              0.5346,             0.18745,            0.067047,            0.078871,           0.0015576,            0.008119,            0.008119,            0.008119
                  59,            0.058883,            0.091509,           0.0030858,             0.54047,             0.61757,             0.58235,             0.21661,            0.055825,            0.082393,           0.0016505,            0.008086,            0.008086,            0.008086
                  60,            0.056273,            0.087715,           0.0026977,             0.51089,             0.61703,              0.5863,             0.18407,            0.057746,            0.081532,            0.001628,            0.008053,            0.008053,            0.008053
                  61,            0.059033,             0.08454,           0.0026411,             0.44216,             0.61895,              0.5494,             0.21792,             0.05759,             0.07978,           0.0014604,             0.00802,             0.00802,             0.00802
                  62,            0.059229,             0.08567,           0.0022559,             0.52267,             0.80724,              0.6155,             0.20288,            0.057428,            0.078501,           0.0017152,            0.007987,            0.007987,            0.007987
                  63,            0.056659,             0.08623,           0.0027855,             0.55935,              0.7514,             0.66794,             0.23698,            0.055872,            0.079579,           0.0012389,            0.007954,            0.007954,            0.007954
                  64,            0.057954,            0.089182,           0.0024167,             0.53693,             0.65244,             0.59119,             0.17377,            0.058164,            0.078998,           0.0012279,            0.007921,            0.007921,            0.007921
                  65,             0.05602,             0.09043,           0.0026124,             0.45536,             0.74708,             0.62748,              0.1788,            0.058987,             0.07974,           0.0013213,            0.007888,            0.007888,            0.007888
                  66,            0.057529,            0.078515,           0.0019808,             0.54258,             0.62658,             0.59099,             0.18526,            0.061293,            0.081547,           0.0015758,            0.007855,            0.007855,            0.007855
                  67,            0.055691,            0.086482,           0.0024398,             0.41273,             0.62026,              0.5599,             0.17805,            0.058481,            0.082633,           0.0016189,            0.007822,            0.007822,            0.007822
                  68,            0.056597,            0.084271,           0.0019684,             0.45469,             0.75419,             0.59294,             0.20924,            0.058323,            0.083799,           0.0013913,            0.007789,            0.007789,            0.007789
                  69,            0.053887,            0.087764,           0.0021864,             0.43117,             0.74972,             0.58154,             0.22088,            0.055925,            0.082218,           0.0011461,            0.007756,            0.007756,            0.007756
                  70,            0.055127,            0.091821,           0.0021116,             0.42088,             0.65599,             0.57359,             0.19436,            0.057503,            0.082434,           0.0011609,            0.007723,            0.007723,            0.007723
                  71,            0.052266,            0.089663,           0.0023296,             0.55046,             0.70476,             0.63601,             0.20182,            0.054167,            0.081876,           0.0010179,             0.00769,             0.00769,             0.00769
                  72,            0.055144,            0.089086,           0.0022354,             0.53943,             0.55196,             0.56735,             0.17195,            0.056362,            0.081889,           0.0010175,            0.007657,            0.007657,            0.007657
                  73,            0.052539,             0.08616,           0.0021792,              0.6099,             0.65574,             0.64981,             0.21853,            0.056481,            0.083557,           0.0011125,            0.007624,            0.007624,            0.007624
                  74,            0.055646,            0.086457,           0.0019879,             0.54802,             0.62442,             0.55766,             0.17391,            0.057413,            0.084882,           0.0012918,            0.007591,            0.007591,            0.007591
                  75,            0.055889,            0.083541,           0.0024906,             0.62585,              0.6631,             0.62142,             0.19588,            0.054983,            0.082027,           0.0011609,            0.007558,            0.007558,            0.007558
                  76,            0.055409,            0.096628,           0.0023589,             0.53642,             0.61832,             0.55853,             0.15978,            0.055678,            0.081631,           0.0011454,            0.007525,            0.007525,            0.007525
                  77,            0.052381,            0.088169,           0.0020845,              0.6185,             0.66001,             0.62307,             0.19224,            0.054142,             0.08137,           0.0011421,            0.007492,            0.007492,            0.007492
                  78,            0.054794,            0.090874,           0.0020531,               0.479,             0.60447,             0.57191,             0.18446,            0.055669,            0.080793,           0.0010669,            0.007459,            0.007459,            0.007459
                  79,            0.051709,            0.080806,           0.0020292,             0.62311,             0.60737,             0.58668,             0.16903,            0.057413,            0.081274,           0.0010579,            0.007426,            0.007426,            0.007426
                  80,            0.056515,             0.08579,           0.0021908,             0.74346,             0.60095,             0.66118,             0.23353,            0.055674,            0.079075,           0.0010519,            0.007393,            0.007393,            0.007393
                  81,            0.052507,            0.089497,           0.0022103,             0.70157,             0.63119,             0.67127,             0.24756,            0.054621,            0.080111,           0.0010399,             0.00736,             0.00736,             0.00736
                  82,            0.054475,            0.090287,           0.0020907,             0.57051,             0.74529,             0.65001,             0.21879,             0.05485,            0.079753,          0.00099582,            0.007327,            0.007327,            0.007327
                  83,            0.054362,            0.090775,           0.0021052,             0.73581,             0.59781,             0.66943,             0.24401,            0.053981,            0.079379,           0.0010668,            0.007294,            0.007294,            0.007294
                  84,            0.051689,            0.091831,           0.0020796,              0.6076,             0.67035,             0.64195,             0.23666,            0.053475,            0.080615,           0.0010763,            0.007261,            0.007261,            0.007261
                  85,            0.050696,            0.093578,           0.0020168,              0.5596,             0.66124,             0.61188,              0.1999,            0.055172,            0.081397,          0.00094492,            0.007228,            0.007228,            0.007228
                  86,            0.053642,            0.088368,           0.0018427,             0.64803,             0.54654,             0.55953,             0.18713,            0.055301,            0.081758,          0.00095992,            0.007195,            0.007195,            0.007195
                  87,            0.052543,            0.086216,           0.0018165,              0.5571,               0.589,              0.5889,             0.20693,            0.054844,            0.080403,          0.00089525,            0.007162,            0.007162,            0.007162
                  88,            0.051382,            0.080031,           0.0015958,             0.64445,             0.63522,             0.61679,             0.19444,            0.053973,              0.0813,          0.00088748,            0.007129,            0.007129,            0.007129
                  89,            0.051207,            0.088527,           0.0018961,             0.50339,             0.65484,             0.53847,             0.21442,            0.053995,            0.081996,          0.00092982,            0.007096,            0.007096,            0.007096
                  90,            0.053051,            0.082738,           0.0018525,             0.61239,             0.59178,             0.56125,             0.18788,            0.057615,            0.082741,           0.0010083,            0.007063,            0.007063,            0.007063
                  91,            0.052303,            0.089014,           0.0016646,             0.74818,             0.64266,             0.67357,             0.24986,            0.055791,             0.07903,          0.00096571,             0.00703,             0.00703,             0.00703
                  92,             0.05339,            0.085962,            0.001828,             0.77678,             0.62377,             0.64613,             0.22704,            0.053675,            0.080874,           0.0010179,            0.006997,            0.006997,            0.006997
                  93,            0.050444,            0.089805,           0.0019107,             0.68133,             0.61201,             0.64183,             0.23709,            0.055503,            0.080429,           0.0011253,            0.006964,            0.006964,            0.006964
                  94,            0.051644,            0.092823,           0.0018407,             0.68032,             0.63304,             0.64771,             0.21523,            0.053347,            0.081542,           0.0011331,            0.006931,            0.006931,            0.006931
                  95,            0.050537,            0.089577,           0.0019284,             0.74997,             0.57711,             0.64227,             0.21988,            0.055657,              0.0809,           0.0010731,            0.006898,            0.006898,            0.006898
                  96,            0.054154,            0.085908,           0.0018286,             0.59037,             0.58186,              0.5421,             0.16788,            0.057785,            0.080777,           0.0012631,            0.006865,            0.006865,            0.006865
                  97,            0.052323,            0.088093,           0.0018172,             0.69274,             0.59033,             0.59628,             0.22187,            0.055088,             0.08131,            0.001201,            0.006832,            0.006832,            0.006832
                  98,             0.05296,            0.080372,           0.0017779,             0.69328,             0.60686,             0.59676,             0.16945,            0.057199,            0.081403,           0.0013426,            0.006799,            0.006799,            0.006799
                  99,            0.050195,            0.079613,           0.0015967,             0.70181,             0.61026,             0.64581,             0.20047,            0.053887,            0.082844,           0.0013588,            0.006766,            0.006766,            0.006766
                 100,            0.049625,            0.089582,           0.0018262,             0.60771,             0.71771,             0.65451,             0.20109,            0.053328,             0.08386,           0.0012506,            0.006733,            0.006733,            0.006733
                 101,            0.048082,            0.083984,           0.0016843,             0.64866,             0.66863,             0.64087,             0.20104,            0.054879,            0.084396,            0.001276,              0.0067,              0.0067,              0.0067
                 102,            0.050813,            0.089546,           0.0018568,             0.64981,             0.62344,             0.60564,             0.19249,             0.05319,            0.086446,           0.0013345,            0.006667,            0.006667,            0.006667
                 103,            0.049691,            0.090451,           0.0015882,             0.54985,             0.60935,             0.57316,             0.17825,            0.056853,            0.086384,           0.0012595,            0.006634,            0.006634,            0.006634
                 104,            0.050871,            0.085354,           0.0016633,             0.50459,             0.75873,             0.59665,              0.1924,            0.053022,            0.089729,           0.0012159,            0.006601,            0.006601,            0.006601
                 105,            0.049336,            0.084968,           0.0016518,             0.49378,             0.61899,              0.5384,             0.18914,            0.056471,            0.083938,           0.0011264,            0.006568,            0.006568,            0.006568
                 106,             0.04831,            0.085062,           0.0015567,             0.55019,             0.69866,             0.59762,             0.18004,            0.053432,            0.083749,           0.0010186,            0.006535,            0.006535,            0.006535
                 107,            0.049014,            0.093946,            0.001662,             0.49436,             0.69004,             0.54989,             0.18321,            0.057658,            0.083627,           0.0010434,            0.006502,            0.006502,            0.006502
                 108,            0.051795,            0.085266,           0.0015475,              0.6286,             0.63308,             0.62542,             0.17734,            0.054113,            0.084803,           0.0010213,            0.006469,            0.006469,            0.006469
                 109,            0.051349,            0.084807,           0.0016894,             0.64729,             0.54483,             0.55382,             0.16987,            0.057723,             0.08157,           0.0010377,            0.006436,            0.006436,            0.006436
                 110,            0.047931,            0.087716,            0.001689,             0.68427,             0.51581,             0.54966,              0.1835,             0.05445,             0.08361,            0.001006,            0.006403,            0.006403,            0.006403
                 111,            0.045886,            0.086852,           0.0014911,             0.58254,             0.66943,             0.59036,             0.18915,            0.054243,            0.081811,           0.0010268,             0.00637,             0.00637,             0.00637
                 112,            0.047905,            0.097694,           0.0015685,             0.64934,             0.60264,             0.56851,             0.18007,            0.054548,            0.084034,           0.0011285,            0.006337,            0.006337,            0.006337
                 113,            0.047154,            0.084666,           0.0014646,             0.59372,             0.77946,             0.64497,             0.18556,            0.056247,            0.081073,           0.0012425,            0.006304,            0.006304,            0.006304
                 114,            0.049387,            0.080561,            0.001606,             0.67606,             0.73747,             0.66027,             0.21868,            0.053945,            0.082303,           0.0012386,            0.006271,            0.006271,            0.006271
                 115,            0.049419,            0.088625,           0.0015013,             0.61323,             0.70338,             0.61738,             0.20391,            0.055856,            0.082558,           0.0012032,            0.006238,            0.006238,            0.006238
                 116,            0.049021,            0.087604,           0.0014161,             0.68348,              0.6509,             0.64125,             0.23542,            0.053609,            0.085081,           0.0011274,            0.006205,            0.006205,            0.006205
                 117,            0.046483,            0.090365,           0.0015585,              0.6603,             0.54927,             0.58764,             0.19113,            0.056422,            0.087121,           0.0010476,            0.006172,            0.006172,            0.006172
                 118,            0.049401,            0.089246,           0.0017672,             0.60656,             0.69549,             0.61281,             0.21774,            0.055621,            0.087957,           0.0010003,            0.006139,            0.006139,            0.006139
                 119,            0.048322,            0.085083,           0.0013792,             0.62905,             0.61355,             0.60803,             0.20162,            0.055061,            0.086131,          0.00089118,            0.006106,            0.006106,            0.006106
                 120,            0.047102,            0.090631,           0.0013262,             0.52041,             0.66046,             0.60558,             0.20344,            0.055274,            0.086991,          0.00084038,            0.006073,            0.006073,            0.006073
                 121,            0.046424,             0.08631,            0.001323,             0.56811,             0.54702,             0.54795,              0.1574,            0.057351,            0.085086,           0.0007662,             0.00604,             0.00604,             0.00604
                 122,            0.049514,            0.084216,           0.0014881,             0.59076,              0.6303,             0.57378,              0.1923,            0.056061,            0.087682,          0.00075578,            0.006007,            0.006007,            0.006007
                 123,            0.045592,            0.080337,           0.0015623,             0.48851,             0.69732,             0.57287,             0.20077,            0.056097,            0.085654,          0.00075985,            0.005974,            0.005974,            0.005974
                 124,            0.048799,            0.091147,           0.0017859,             0.57835,             0.61103,             0.57648,             0.18916,            0.054854,            0.086952,          0.00079407,            0.005941,            0.005941,            0.005941
                 125,            0.046383,            0.084243,           0.0017272,             0.59109,             0.68406,             0.62707,             0.19421,            0.055218,            0.086106,           0.0008326,            0.005908,            0.005908,            0.005908
                 126,            0.047166,            0.087817,           0.0013968,             0.57733,             0.63601,             0.59951,             0.18468,            0.055254,            0.085012,          0.00078997,            0.005875,            0.005875,            0.005875
                 127,            0.045951,            0.082767,           0.0013329,             0.59818,             0.74699,             0.64992,              0.2107,            0.053899,            0.083967,          0.00083965,            0.005842,            0.005842,            0.005842
                 128,            0.046176,            0.088965,           0.0016017,             0.56483,             0.72456,             0.63187,              0.1989,             0.05452,             0.08394,          0.00086058,            0.005809,            0.005809,            0.005809
                 129,            0.045644,            0.090421,           0.0015424,              0.5789,             0.67342,             0.61976,             0.19696,            0.054418,            0.085295,          0.00091337,            0.005776,            0.005776,            0.005776
                 130,            0.045932,             0.08594,           0.0017635,             0.56792,             0.71759,              0.6114,             0.18818,            0.055293,            0.086758,          0.00096741,            0.005743,            0.005743,            0.005743
                 131,               0.046,             0.08354,           0.0016212,              0.6013,             0.63701,             0.59769,             0.19619,             0.05636,            0.086647,          0.00095536,             0.00571,             0.00571,             0.00571
                 132,            0.049383,            0.083752,           0.0016267,             0.57194,             0.70403,             0.59719,             0.20594,            0.055022,            0.087009,          0.00093887,            0.005677,            0.005677,            0.005677
                 133,             0.04691,            0.078214,           0.0014206,             0.61967,             0.59598,             0.58184,             0.19691,             0.05739,            0.084425,          0.00092525,            0.005644,            0.005644,            0.005644
                 134,            0.047092,            0.082169,           0.0014709,             0.51435,             0.71803,             0.56312,             0.17241,            0.055256,            0.086776,          0.00092955,            0.005611,            0.005611,            0.005611
                 135,            0.046871,            0.080965,           0.0013195,             0.51651,             0.65283,             0.53911,              0.1922,             0.05828,            0.084127,          0.00086924,            0.005578,            0.005578,            0.005578
                 136,            0.050862,            0.079885,           0.0014037,             0.57516,             0.60079,               0.553,             0.18596,            0.055034,            0.084241,          0.00086854,            0.005545,            0.005545,            0.005545
                 137,             0.04781,            0.079249,           0.0015086,              0.5686,             0.65797,             0.57301,             0.17458,            0.056667,             0.08259,          0.00083574,            0.005512,            0.005512,            0.005512
                 138,            0.047948,            0.078615,           0.0017489,             0.53874,             0.68125,             0.54727,              0.1947,            0.054154,            0.084824,          0.00080795,            0.005479,            0.005479,            0.005479
                 139,            0.045519,            0.084209,           0.0015303,             0.56837,             0.60779,             0.52337,             0.15941,             0.05779,            0.083161,            0.000771,            0.005446,            0.005446,            0.005446
                 140,            0.047632,            0.086427,           0.0014292,               0.552,             0.61269,             0.54925,             0.18693,            0.054483,            0.085186,          0.00075557,            0.005413,            0.005413,            0.005413
                 141,            0.045513,            0.082374,           0.0013937,             0.60137,             0.69449,             0.60093,             0.19617,            0.055976,            0.085294,           0.0007655,             0.00538,             0.00538,             0.00538
                 142,            0.044698,            0.079198,           0.0017211,             0.63083,             0.69332,             0.59601,              0.1844,            0.055737,            0.086907,          0.00086945,            0.005347,            0.005347,            0.005347
                 143,             0.04456,            0.082892,           0.0015715,             0.67362,             0.64425,             0.64115,             0.19558,            0.055235,            0.087212,          0.00090178,            0.005314,            0.005314,            0.005314
                 144,              0.0446,            0.079232,           0.0014064,             0.64222,             0.65865,             0.59484,             0.19749,            0.055784,             0.08696,          0.00080908,            0.005281,            0.005281,            0.005281
                 145,            0.043463,            0.077298,           0.0013193,             0.63506,             0.65686,             0.61692,             0.21457,            0.054871,            0.089053,          0.00076267,            0.005248,            0.005248,            0.005248
                 146,            0.044559,            0.087876,           0.0014281,             0.63619,             0.57968,              0.5775,             0.20588,            0.054717,            0.088318,          0.00075399,            0.005215,            0.005215,            0.005215
                 147,            0.044655,             0.08285,           0.0015088,             0.61501,             0.63158,              0.5725,             0.19176,            0.055143,            0.088197,          0.00080534,            0.005182,            0.005182,            0.005182
                 148,             0.04472,             0.07624,           0.0013452,             0.59962,             0.72363,             0.59007,             0.17525,            0.055957,            0.088335,          0.00078283,            0.005149,            0.005149,            0.005149
                 149,            0.044356,            0.080569,           0.0013216,             0.60541,             0.68137,             0.57399,             0.18753,            0.055211,            0.086001,          0.00075664,            0.005116,            0.005116,            0.005116
                 150,            0.044225,            0.087391,           0.0013863,             0.67698,             0.61342,             0.60552,             0.18384,            0.055591,            0.085709,           0.0008548,            0.005083,            0.005083,            0.005083
                 151,            0.043513,             0.08454,           0.0012182,             0.66951,             0.61508,             0.57074,             0.18584,            0.055721,            0.085947,           0.0011452,             0.00505,             0.00505,             0.00505
                 152,            0.042967,             0.08447,             0.00124,             0.65324,             0.62231,             0.57541,             0.18184,            0.055852,            0.087898,            0.001271,            0.005017,            0.005017,            0.005017
                 153,            0.043498,            0.075141,            0.001382,             0.59504,             0.64983,             0.54232,              0.1698,            0.056613,            0.090573,           0.0012673,            0.004984,            0.004984,            0.004984
                 154,            0.042995,            0.077573,           0.0012038,             0.58798,             0.66979,             0.58342,             0.17898,            0.056722,             0.09101,           0.0012915,            0.004951,            0.004951,            0.004951
                 155,            0.044008,            0.083493,           0.0013891,             0.62261,              0.6992,             0.60113,             0.19959,            0.055733,            0.091667,           0.0013385,            0.004918,            0.004918,            0.004918
                 156,            0.044855,            0.081935,           0.0011637,             0.49495,             0.70158,             0.54403,             0.17958,            0.057357,            0.089882,           0.0012531,            0.004885,            0.004885,            0.004885
                 157,            0.045104,            0.076416,           0.0014927,              0.5561,             0.59395,             0.55264,             0.18599,            0.055784,            0.090974,          0.00076043,            0.004852,            0.004852,            0.004852
                 158,            0.043918,            0.085347,           0.0011278,             0.58856,             0.66128,             0.57444,             0.18352,            0.056706,            0.088568,          0.00070939,            0.004819,            0.004819,            0.004819
                 159,              0.0434,            0.083309,           0.0014734,             0.62394,             0.63422,             0.59442,             0.19472,            0.054308,            0.087446,          0.00072057,            0.004786,            0.004786,            0.004786
                 160,            0.044904,            0.090233,           0.0012659,              0.5684,             0.57365,             0.53515,              0.1687,            0.056917,            0.086928,           0.0007752,            0.004753,            0.004753,            0.004753
                 161,            0.042822,             0.07497,            0.001331,             0.55534,             0.66663,             0.57161,             0.16765,            0.055445,            0.087574,          0.00072612,             0.00472,             0.00472,             0.00472
                 162,            0.044743,            0.078931,           0.0012809,             0.62781,             0.60669,             0.60104,              0.1714,            0.055344,            0.087413,          0.00069676,            0.004687,            0.004687,            0.004687
                 163,            0.043671,            0.079153,           0.0013774,             0.55926,             0.54965,             0.51569,             0.15555,            0.055433,             0.09237,          0.00089459,            0.004654,            0.004654,            0.004654
                 164,            0.045444,            0.083049,            0.001385,             0.59899,             0.57529,             0.55744,              0.1649,            0.056222,            0.091045,          0.00090427,            0.004621,            0.004621,            0.004621
                 165,            0.043093,            0.075927,           0.0010888,             0.59826,             0.55105,             0.53162,             0.17225,            0.055681,            0.091974,          0.00086084,            0.004588,            0.004588,            0.004588
                 166,            0.042337,             0.08693,           0.0011646,             0.60584,              0.5346,             0.54744,             0.17612,            0.055603,            0.092334,          0.00075585,            0.004555,            0.004555,            0.004555
                 167,            0.042269,            0.088878,           0.0014125,             0.57279,             0.56804,             0.57383,             0.17986,            0.055624,            0.095577,          0.00072985,            0.004522,            0.004522,            0.004522
                 168,            0.044312,            0.083203,           0.0014818,             0.55475,             0.54276,             0.55048,             0.18089,            0.058298,             0.09549,          0.00077438,            0.004489,            0.004489,            0.004489
                 169,            0.042682,            0.082841,           0.0011623,             0.59637,             0.54764,             0.54438,             0.18973,            0.056301,            0.098933,          0.00086306,            0.004456,            0.004456,            0.004456
                 170,            0.042438,            0.078944,           0.0011014,             0.57612,             0.54851,             0.52382,             0.16825,            0.058897,            0.097855,           0.0009271,            0.004423,            0.004423,            0.004423
                 171,            0.042637,            0.080674,           0.0013958,             0.67455,             0.49445,             0.52301,              0.1756,            0.057538,             0.09899,           0.0010591,             0.00439,             0.00439,             0.00439
                 172,            0.043371,            0.086051,           0.0011762,             0.65399,             0.57942,             0.57843,             0.18773,            0.055458,             0.09777,           0.0010539,            0.004357,            0.004357,            0.004357
                 173,            0.043087,            0.080838,           0.0011614,             0.59342,             0.59386,             0.55765,             0.17703,            0.055818,            0.093889,           0.0011041,            0.004324,            0.004324,            0.004324
                 174,            0.041786,            0.078326,           0.0012458,             0.56771,             0.65347,               0.576,             0.18646,            0.054652,            0.095028,           0.0010044,            0.004291,            0.004291,            0.004291
                 175,            0.041188,             0.07831,            0.001232,             0.61598,             0.71248,             0.62207,              0.1954,            0.055276,              0.0917,          0.00091587,            0.004258,            0.004258,            0.004258
                 176,            0.041034,            0.079364,           0.0011215,              0.5657,             0.65943,             0.58623,             0.19088,            0.055121,            0.091978,          0.00081438,            0.004225,            0.004225,            0.004225
                 177,            0.041743,            0.082143,           0.0011385,             0.61645,             0.62347,             0.59056,             0.19441,            0.054865,            0.094268,          0.00068542,            0.004192,            0.004192,            0.004192
                 178,            0.040855,            0.083584,           0.0011724,             0.60646,             0.54554,             0.56032,             0.19064,            0.055139,            0.095576,          0.00075111,            0.004159,            0.004159,            0.004159
                 179,            0.040879,            0.079269,           0.0010338,             0.52407,             0.62914,             0.56116,             0.18644,            0.055048,            0.095886,          0.00077319,            0.004126,            0.004126,            0.004126
                 180,            0.042213,            0.076028,          0.00096648,              0.6006,             0.57074,             0.56788,             0.19353,            0.054847,             0.09609,          0.00070046,            0.004093,            0.004093,            0.004093
                 181,            0.040541,            0.081701,           0.0010188,             0.54149,             0.54422,             0.54137,             0.17987,            0.054951,            0.096775,          0.00066349,             0.00406,             0.00406,             0.00406
                 182,            0.042534,            0.074224,           0.0010621,             0.61061,             0.54111,             0.54532,              0.1854,            0.054985,            0.097531,          0.00076407,            0.004027,            0.004027,            0.004027
                 183,            0.040694,            0.075774,          0.00099965,             0.47961,             0.57595,             0.44927,              0.1484,            0.056744,             0.10069,           0.0011711,            0.003994,            0.003994,            0.003994
                 184,            0.040158,            0.073697,           0.0010578,             0.59358,              0.5685,             0.51036,             0.15276,            0.056863,              0.1024,           0.0010634,            0.003961,            0.003961,            0.003961
                 185,            0.040911,            0.078468,            0.001052,              0.6633,             0.56715,             0.53289,             0.18483,            0.055183,             0.10012,          0.00081203,            0.003928,            0.003928,            0.003928
                 186,            0.041202,            0.076625,           0.0010794,             0.68899,             0.57186,             0.54263,             0.18591,            0.055314,             0.09864,          0.00088306,            0.003895,            0.003895,            0.003895
                 187,            0.040412,            0.076822,            0.001017,             0.61401,             0.57931,              0.5255,             0.18445,            0.056972,             0.09583,           0.0011504,            0.003862,            0.003862,            0.003862
                 188,            0.042519,            0.072094,           0.0010264,              0.6059,             0.60501,             0.51662,              0.1769,            0.056199,            0.097206,           0.0010393,            0.003829,            0.003829,            0.003829
                 189,             0.04215,            0.077483,           0.0010034,             0.56142,              0.5617,             0.51133,             0.16989,            0.058491,            0.094002,          0.00090211,            0.003796,            0.003796,            0.003796
                 190,            0.045813,            0.071996,          0.00098782,              0.6596,             0.68746,             0.61079,             0.18546,            0.055951,            0.095742,          0.00081929,            0.003763,            0.003763,            0.003763
                 191,            0.042643,            0.078697,           0.0011021,             0.64354,             0.67025,             0.60558,             0.19486,            0.056346,            0.093712,          0.00063697,             0.00373,             0.00373,             0.00373
